,image_src,anchor_tag_links
0,"https://m.media-amazon.com/images/M/MV5BMjM2MTA5NjIwNV5BMl5BanBnXkFtZTgwNjI2OTMxNTM@._V1_QL75_UX140_CR0,0,140,207_.jpg",https://www.imdb.com/?ref_=nv_home
1,"https://m.media-amazon.com/images/M/MV5BNzgxZTY1ZTktYmYwMS00MmU4LWJiMDEtYTIyMzk2NzA3NmZmXkEyXkFqcGdeQWthc2hpa2F4._V1_QL40_QL75_UX500_CR0,0,500,281_.jpg",https://www.imdb.comhttps://www.imdb.com/calendar/?ref_=nv_mv_cal
2,"https://m.media-amazon.com/images/M/MV5BMDA3MmM4MDEtM2YwYS00NzliLWFlNzctYTBmZGE1NjFiM2U1XkEyXkFqcGdeQXVyODQ4Mjc2NDM@._V1_QL75_UX140_CR0,0,140,207_.jpg",https://www.imdb.com/chart/top/?ref_=nv_mv_250
3,"https://m.media-amazon.com/images/M/MV5BMDdiMjI2Y2UtMTFkYS00MzkzLTg5ZjctOWZiMWUxMjMyMmQzXkEyXkFqcGdeQWthc2hpa2F4._CR63,7,819,461_QL75_UX500_CR0,0,500,281_.jpg",https://www.imdb.com/chart/moviemeter/?ref_=nv_mv_mpm
4,"https://m.media-amazon.com/images/M/MV5BOWE2ZmIxZjgtNDczZS00OWIxLWI2MWUtY2Y4ODIyYWViMDM4XkEyXkFqcGdeQXVyODQ4Mjc2NDM@._V1_QL75_UX140_CR0,21,140,207_.jpg",https://www.imdb.com/feature/genre/?ref_=nv_ch_gr
5,"https://m.media-amazon.com/images/M/MV5BM2Y3ZDA0N2QtMWRlYS00ZDZhLWE5NWQtOThjOWVmMTY1YTg5XkEyXkFqcGdeQXVyMTkxNjUyNQ@@._CR93,197,3448,1939_QL75_UY281_CR0,0,500,281_.jpg",https://www.imdb.com/chart/boxoffice/?ref_=nv_ch_cht
6,"https://m.media-amazon.com/images/M/MV5BOWE2ZmIxZjgtNDczZS00OWIxLWI2MWUtY2Y4ODIyYWViMDM4XkEyXkFqcGdeQXVyODQ4Mjc2NDM@._V1_QL75_UX140_CR0,21,140,207_.jpg",https://www.imdb.com/showtimes/?ref_=nv_mv_sh
7,"https://m.media-amazon.com/images/M/MV5BYmNlNzAwYjctNmE1Ny00MWVmLWE1YjctMmVhZTZhOTdjZjEwXkEyXkFqcGdeQWplZmZscA@@._V1_QL40_QL75_UX500_CR0,0,500,281_.jpg",https://www.imdb.com/news/movie/?ref_=nv_nw_mv
8,"https://m.media-amazon.com/images/M/MV5BMzEyMDBmNmItZmI5My00ZDVjLTliNWEtZDc1NzMyYWY1MzNlXkEyXkFqcGdeQXVyMjkwOTAyMDU@._V1_QL75_UX140_CR0,0,140,207_.jpg",https://www.imdb.com/india/toprated/?ref_=nv_mv_in
9,"https://m.media-amazon.com/images/M/MV5BMDk1Y2FjOTEtNzRhMy00YzZjLWJhNTYtNzQ1YTVjOTUzNzQzXkEyXkFqcGdeQWpnYW1i._V1_QL40_QL75_UX500_CR0,0,500,281_.jpg",https://www.imdb.com/whats-on-tv/?ref_=nv_tv_ontv
10,"https://m.media-amazon.com/images/M/MV5BZTViYTdkNWUtNTgzNy00MGE3LTg4ZjItZTQ4MzM2NzE0ZDY5XkEyXkFqcGdeQXVyMzk0NzQ5MjU@._V1_QL75_UX140_CR0,0,140,207_.jpg",https://www.imdb.com/chart/toptv/?ref_=nv_tvv_250
11,"https://m.media-amazon.com/images/M/MV5BNTRmYjUxZDgtN2JlNi00MjI0LWFkMTYtZDlhOWNhZjI2NzA2XkEyXkFqcGdeQWplZmZscA@@._V1_QL75_UX500_CR0,0,500,281_.jpg",https://www.imdb.com/chart/tvmeter/?ref_=nv_tvv_mptv
12,"https://m.media-amazon.com/images/M/MV5BZjNlMTA2ZmYtMzUyOS00MmM5LWE3M2EtZGNkN2M5NDk2MWQ4XkEyXkFqcGdeQXVyNTIyODMzMzA@._V1_QL75_UX140_CR0,0,140,207_.jpg",https://www.imdb.com/feature/genre/
13,"https://m.media-amazon.com/images/M/MV5BNWZhYmQ5NzQtZGZhOS00YmE2LTg2NGMtN2E3MjlkYWUxNTFlXkEyXkFqcGdeQXVyMTE1MzI2NzIz._CR119,97,2807,1579_QL75_UX500_CR0,0,500,281_.jpg",https://www.imdb.com/news/tv/?ref_=nv_nw_tv
14,"https://m.media-amazon.com/images/M/MV5BMjM2MTA5NjIwNV5BMl5BanBnXkFtZTgwNjI2OTMxNTM@._V1_QL75_UX140_CR0,0,140,207_.jpg",https://www.imdb.com/india/tv?ref_=nv_tv_in
15,"https://m.media-amazon.com/images/M/MV5BOGIxOGJlNDYtY2Y1Ny00MjQ2LWI0MjctZDM1MzQ0ZThmZTA0XkEyXkFqcGdeQXRyZXdlcw@@._V1_QL40_QL75_UX500_CR0,0,500,281_.jpg",https://www.imdb.com/what-to-watch/?ref_=nv_watch
16,"https://m.media-amazon.com/images/M/MV5BOWE2ZmIxZjgtNDczZS00OWIxLWI2MWUtY2Y4ODIyYWViMDM4XkEyXkFqcGdeQXVyODQ4Mjc2NDM@._V1_QL75_UX140_CR0,21,140,207_.jpg",https://www.imdb.com/trailers/?ref_=nv_mv_tr
17,"https://m.media-amazon.com/images/M/MV5BYmY4NjlmMzEtYjBiMi00ZThiLWE0ZjYtYTk0OWI4OTlhOGNhXkEyXkFqcGdeQXVyMTUzMTg2ODkz._CR11,184,4980,2801_QL75_UY281_CR0,0,500,281_.jpg",https://www.imdb.com/originals/?ref_=nv_sf_ori
18,"https://m.media-amazon.com/images/M/MV5BN2NlYzEzMDAtOWU2My00OTA5LWIwNDUtMmRjMWU0MTRmY2NiXkEyXkFqcGdeQXVyOTQzNDAzOTc@._V1_QL75_UX140_CR0,0,140,207_.jpg",https://www.imdb.com/imdbpicks/?ref_=nv_pi
19,"https://m.media-amazon.com/images/M/MV5BNWY3Nzk5MjEtN2FiMC00NDBiLTgxMmUtZDNmZGI0MWQ1YWQ5XkEyXkFqcGdeQXJoYW5uYWg@._V1_QL40_QL75_UX500_CR0,0,500,281_.jpg",https://www.imdb.com/podcasts/?ref_=nv_pod
20,"https://m.media-amazon.com/images/M/MV5BM2Q3MmQzODctZDJhMi00NGMyLWI4M2YtZDkwODdiOGZkMGRjXkEyXkFqcGdeQXVyMzQ2MDI5NjU@._V1_QL75_UX140_CR0,0,140,207_.jpg",https://www.imdb.com/oscars/?ref_=nv_ev_csegosc
21,"https://m.media-amazon.com/images/M/MV5BOTVhNzE0ZTktZDllOS00NmRiLTkzZGEtOWYxZDI2MGQxOGYzXkEyXkFqcGdeQXVyMjQwMDg0Ng@@._CR78,132,3393,1909_QL75_UX500_CR0,0,500,281_.jpg",https://www.imdb.comhttps://m.imdb.com/feature/bestpicture/?ref_=nv_ch_osc
22,"https://m.media-amazon.com/images/M/MV5BMjM2MTA5NjIwNV5BMl5BanBnXkFtZTgwNjI2OTMxNTM@._V1_QL75_UX140_CR0,0,140,207_.jpg",https://www.imdb.comhttps://www.imdb.com/search/title/?count=100&groups=oscar_best_picture_winners&sort=year%2Cdesc&ref_=nv_ch_osc
23,"https://m.media-amazon.com/images/M/MV5BYTI4MTVlOGEtMDE4MC00ZmYzLTg0ZGItM2ZmY2Y4NzcyYzEzXkEyXkFqcGdeQXVyMTkxNjUyNQ@@._V1_QL40_QL75_UX500_CR0,0,500,281_.jpg",https://www.imdb.com/sundance/?ref_=nv_ev_csegsun
24,"https://m.media-amazon.com/images/M/MV5BZGUzYTI3M2EtZmM0Yy00NGUyLWI4ODEtN2Q3ZGJlYzhhZjU3XkEyXkFqcGdeQXVyNTM0OTY1OQ@@._V1_QL75_UX140_CR0,0,140,207_.jpg",https://www.imdb.com/awards-central/independent-spirit-awards/?ref_=nv_ev_csegisa
25,"https://m.media-amazon.com/images/M/MV5BOGUxMDMzNDQtYmU4NC00MjlmLWI3YWYtNTc2MGRhYjQ5ZmY5XkEyXkFqcGdeQWpnYW1i._V1_QL75_UX500_CR0,0,500,281_.jpg",https://www.imdb.com/imdbpicks/blackhistorymonth/?ref_=nv_ev_csegbhm
26,"https://m.media-amazon.com/images/M/MV5BOWE2ZmIxZjgtNDczZS00OWIxLWI2MWUtY2Y4ODIyYWViMDM4XkEyXkFqcGdeQXVyODQ4Mjc2NDM@._V1_QL75_UX140_CR0,21,140,207_.jpg",https://www.imdb.com/sxsw/?ref_=nv_ev_csegsxsw
27,"https://m.media-amazon.com/images/M/MV5BZGE4NmYwZDktZDI4Mi00NGRhLWJkNzAtYTQxYWNmYmNlOTk4XkEyXkFqcGdeQXVyMTEyMjM2NDc2._CR18,15,1783,1003_QL75_UX500_CR0,0,500,281_.jpg",https://www.imdb.com/starmeterawards/?ref_=nv_ev_sma
28,"https://m.media-amazon.com/images/M/MV5BYjQ4MWQ4YWEtZDI0NS00MGEzLTk2NmUtMmY0NThmNzgwNGFkXkEyXkFqcGdeQXVyMDM2NDM2MQ@@._V1_QL75_UX140_CR0,0,140,207_.jpg",https://www.imdb.com/awards-central/?ref_=nv_ev_csegawds
29,"https://m.media-amazon.com/images/M/MV5BN2Q2OWZiNTktMzg3Yy00NjEwLTk4MGUtMThkZTA4ZmJlODMwXkEyXkFqcGdeQXZ3ZXNsZXk@._CR206,149,1387,780_QL75_UY281_CR0,0,500,281_.jpg",https://www.imdb.com/festival-central/?ref_=nv_ev_fc
30,"https://m.media-amazon.com/images/M/MV5BYjQ4MWQ4YWEtZDI0NS00MGEzLTk2NmUtMmY0NThmNzgwNGFkXkEyXkFqcGdeQXVyMDM2NDM2MQ@@._V1_QL75_UX140_CR0,0,140,207_.jpg",https://www.imdb.com/event/all/?ref_=nv_ev_all
31,"https://m.media-amazon.com/images/M/MV5BMjM2MTA5NjIwNV5BMl5BanBnXkFtZTgwNjI2OTMxNTM@._V1_QL75_UX140_CR0,0,140,207_.jpg",https://www.imdb.com/feature/bornondate/?ref_=nv_cel_brn
32,"https://m.media-amazon.com/images/M/MV5BMDA3MmM4MDEtM2YwYS00NzliLWFlNzctYTBmZGE1NjFiM2U1XkEyXkFqcGdeQXVyODQ4Mjc2NDM@._V1_QL75_UX140_CR0,0,140,207_.jpg",https://www.imdb.comhttps://m.imdb.com/chart/starmeter/?ref_=nv_cel_brn
33,"https://m.media-amazon.com/images/M/MV5BOWE2ZmIxZjgtNDczZS00OWIxLWI2MWUtY2Y4ODIyYWViMDM4XkEyXkFqcGdeQXVyODQ4Mjc2NDM@._V1_QL75_UX140_CR0,21,140,207_.jpg",https://www.imdb.comhttps://www.imdb.com/search/name/?match_all=true&ref_=nv_cel_m
34,"https://m.media-amazon.com/images/M/MV5BOWE2ZmIxZjgtNDczZS00OWIxLWI2MWUtY2Y4ODIyYWViMDM4XkEyXkFqcGdeQXVyODQ4Mjc2NDM@._V1_QL75_UX140_CR0,21,140,207_.jpg",https://www.imdb.com/news/celebrity/?ref_=nv_cel_nw
35,"https://m.media-amazon.com/images/M/MV5BMzEyMDBmNmItZmI5My00ZDVjLTliNWEtZDc1NzMyYWY1MzNlXkEyXkFqcGdeQXVyMjkwOTAyMDU@._V1_QL75_UX140_CR0,0,140,207_.jpg",https://www.imdb.comhttps://help.imdb.com/imdb?ref_=cons_nb_hlp
36,"https://m.media-amazon.com/images/M/MV5BODNjODYzZmItNTE5NC00NjU3LWFiZTMtNWQ2ZGYwZDVlNDZiXkEyXkFqcGdeQXVyODk4OTc3MTY@._V1_QL75_UX380_CR0,0,380,214_.jpg",https://www.imdb.comhttps://contribute.imdb.com/czone?ref_=nv_cm_cz
37,"https://m.media-amazon.com/images/M/MV5BZTgxMDBmMzEtYzA4Yi00NWQ5LTg3YjItNWQ3NGFjNmE4MDUzXkEyXkFqcGdeQXVyMTUzMTg2ODkz._V1_QL75_UX380_CR0,0,380,214_.jpg",https://www.imdb.com/poll/?ref_=nv_cm_pl
38,"https://m.media-amazon.com/images/M/MV5BOWE1MjI5NzgtMjdhZC00ZTQ3LWJkYjAtYjhkOWI1Mzc0YzNmXkEyXkFqcGdeQXVyMTUzMTg2ODkz._V1_QL75_UX380_CR0,0,380,214_.jpg",https://www.imdb.comhttps://pro.imdb.com?ref_=cons_nb_hm&rf=cons_nb_hm
39,"https://m.media-amazon.com/images/M/MV5BNTRmYjUxZDgtN2JlNi00MjI0LWFkMTYtZDlhOWNhZjI2NzA2XkEyXkFqcGdeQWplZmZscA@@._V1_QL75_UX380_CR0,0,380,214_.jpg",https://www.imdb.com/?ref_=nv_home
40,"https://m.media-amazon.com/images/M/MV5BNzE1YTViN2EtMGRkNC00ZWE5LTlkODUtNTA0MGVkNzE5ZWUzXkEyXkFqcGdeQXVyMDM2NDM2MQ@@._V1_QL75_UX380_CR0,0,380,214_.jpg",https://www.imdb.comhttps://www.imdb.com/search/
41,"https://m.media-amazon.com/images/M/MV5BOTA4YWEwZDUtYWE5OC00MzVlLWJjOWItNThmMDU4YThlODI2XkEyXkFqcGdeQXVyMTkxNjUyNQ@@._V1_QL75_UX380_CR0,0,380,214_.jpg",https://www.imdb.comhttps://pro.imdb.com/login/ap?u=/login/lwa&imdbPageAction=signUp&rf=cons_nb_hm&ref_=cons_nb_hm
42,"https://m.media-amazon.com/images/M/MV5BZDc1MjI3YzAtNjk0OC00NGFmLWEzZTctNzQwMjlkZGJjNTRhXkEyXkFqcGdeQXVyMTUzMTg2ODkz._V1_QL75_UY214_CR0,0,380,214_.jpg",https://www.imdb.com/list/watchlist?ref_=nv_usr_wl_all_0
43,"https://m.media-amazon.com/images/M/MV5BYmNlNzAwYjctNmE1Ny00MWVmLWE1YjctMmVhZTZhOTdjZjEwXkEyXkFqcGdeQWplZmZscA@@._V1_QL75_UX380_CR0,0,380,214_.jpg",https://www.imdb.com/registration/signin?ref=nv_generic_lgin&u=
44,"https://m.media-amazon.com/images/M/MV5BNzU0MDdhNGYtMGNjYi00YjJjLWI5ODctNDQzMjFhODhjMjkxXkEyXkFqcGdeQXRyZXdlcw@@._V1_QL75_UX380_CR0,0,380,214_.jpg",https://www.imdb.com/registration/signin?ref_=signup_cm_nc_ca_btn&u=
45,"https://m.media-amazon.com/images/M/MV5BYTIzMDZhMzUtOWE2OS00ZTY5LTkzNGMtNTRmMzY2NmQ5NjE4XkEyXkFqcGdeQXVyMTUzMTg2ODkz._V1_QL75_UX380_CR0,0,380,214_.jpg",https://www.imdb.com/registration/signin?ref_=signup_cm_nc_ca&u=
46,"https://m.media-amazon.com/images/M/MV5BYjhiZWFiODItYzg1Mi00NTkzLWFlMWQtNmIxZTJmOGNhNjQ2XkEyXkFqcGdeQXNhcmFocmVi._V1_QL75_UX380_CR0,0,380,214_.jpg",https://www.imdb.comhttps://help.imdb.com/article/issues/G6TCMBKAAR5G95EN?ref_=loc_nav_sel_hlp
47,"https://m.media-amazon.com/images/M/MV5BYWEzOGY1NTItYzBkZi00NDRiLWI4MzItZDJjNDlmMDZmM2EyXkEyXkFqcGdeQXNhcmFocmVi._V1_QL75_UX380_CR0,0,380,214_.jpg",https://www.imdb.com/list/ls053181649/videoplayer/vi1463797017?ref_=hp_hp_e_15
48,"https://m.media-amazon.com/images/M/MV5BZWUzNmJkYWUtZjFiZS00MjY0LTk2MDUtMzU4MTY3YzA5ZTVkXkEyXkFqcGdeQXJoYW5uYWg@._V1_QL75_UX380_CR0,0,380,214_.jpg",https://www.imdb.com/list/ls053181649/videoplayer/vi3759654169?ref_=hp_hp_e_1
49,"https://m.media-amazon.com/images/M/MV5BMGQ0NzYxMDktZjkyMi00YjlkLWJjZmYtMDZjYWYwODc0NzljXkEyXkFqcGdeQXVyMDM2NDM2MQ@@._V1_QL75_UX380_CR0,0,380,214_.jpg",https://www.imdb.com/list/ls053181649/videoplayer/vi2054735129?ref_=hp_hp_e_2
50,"https://m.media-amazon.com/images/M/MV5BYjY3ZDBlOGItMDI2NC00ODAxLWE0MDgtMDhjNzQyNDZiMjY5XkEyXkFqcGdeQXNhcmFocmVi._V1_QL75_UX380_CR0,0,380,214_.jpg",https://www.imdb.com/list/ls053181649/videoplayer/vi4129342745?ref_=hp_hp_e_3
51,"https://m.media-amazon.com/images/M/MV5BOWUwMTQxYzItMzcyMy00YjI1LTgzMzQtYTYxNTdkZTAyMzQwXkEyXkFqcGdeQXVyODk4OTc3MTY@._V1_QL75_UX380_CR0,0,380,214_.jpg",https://www.imdb.com/list/ls053181649/videoplayer/vi3442984217?ref_=hp_hp_e_4
52,"https://m.media-amazon.com/images/M/MV5BYTkwYWQwZTYtNGU5OC00OTZmLWEyZmMtYWZmNmQyZGQzZjg5XkEyXkFqcGdeQXVyMDM2NDM2MQ@@._V1_QL75_UX380_CR0,0,380,214_.jpg",https://www.imdb.com/list/ls053181649/videoplayer/vi4067738905?ref_=hp_hp_e_5
53,"https://m.media-amazon.com/images/M/MV5BYjk5Y2M3MjItYjM3My00MjA3LWEzMDItMzkzMjVlZjliYjM5XkEyXkFqcGdeQXJoYW5uYWg@._V1_QL75_UX380_CR0,0,380,214_.jpg",https://www.imdb.com/trailers/?ref_=hm_hp_sm
54,"https://m.media-amazon.com/images/M/MV5BM2Y3ZDA0N2QtMWRlYS00ZDZhLWE5NWQtOThjOWVmMTY1YTg5XkEyXkFqcGdeQXVyMTkxNjUyNQ@@._V1_QL75_UX380_CR0,20,380,214_.jpg",https://www.imdb.com/list/ls562245100/mediaviewer/rm923349505/?ref_=hm_edcft_ft_feb23pks_1_i
55,"https://m.media-amazon.com/images/M/MV5BYzZjYzUyMzAtMTk2NC00OGI4LTgwZTgtOTFiMmI5NGI0OGM0XkEyXkFqcGdeQXVyMTkxNjUyNQ@@._V1_QL75_UY214_CR0,0,380,214_.jpg",https://www.imdb.com/list/ls562245100/mediaviewer/rm923349505/?ref_=hm_edcft_ft_feb23pks_1_t
56,"https://m.media-amazon.com/images/M/MV5BNWExNDdhMDgtYTFlZS00ZjRiLWFkZjQtZmZjMGRkNTRkNDgxXkEyXkFqcGdeQXRyZXdlcw@@._V1_QL75_UX380_CR0,0,380,214_.jpg",https://www.imdb.com/superheroes/new-upcoming-superheroes/ls505300263/mediaviewer/rm2826634753?ref_=hm_edcft_ft_ls_newsupe_2_i
57,"https://m.media-amazon.com/images/M/MV5BYTE4NjA2NTctYWQzNi00N2U5LWI4YjMtM2NmMWE4N2YyOWFiXkEyXkFqcGdeQWplZmZscA@@._V1_QL75_UX380_CR0,0,380,214_.jpg",https://www.imdb.com/superheroes/new-upcoming-superheroes/ls505300263/mediaviewer/rm2826634753?ref_=hm_edcft_ft_ls_newsupe_2_t
58,,https://www.imdb.com/imdbpicks/black-hollywood-stars/rg2741213952/mediaviewer/rm2623748097?ref_=hm_edcft_ft_g_csegbhm_3_i
59,,https://www.imdb.com/imdbpicks/black-hollywood-stars/rg2741213952/mediaviewer/rm2623748097?ref_=hm_edcft_ft_g_csegbhm_3_t
60,,https://www.imdb.com/video/vi2738734361/?listId=ls053181649&ref_=hm_edcft_org_5tw_feb6_4_i
61,,https://www.imdb.com/video/vi2738734361/?listId=ls053181649&ref_=hm_edcft_org_5tw_feb6_4_t
62,,https://www.imdb.com/gallery/rg1624939264/mediaviewer/rm669921281?ref_=hm_edcft_hp_g_lp_5_i
63,,https://www.imdb.com/gallery/rg1624939264/mediaviewer/rm669921281?ref_=hm_edcft_hp_g_lp_5_t
64,,https://www.imdb.com/imdbpicks/renew-cancel/ls063853872/mediaviewer/rm388447745/?ref_=hm_edcft_ft_ls_rc_6_i
65,,https://www.imdb.com/imdbpicks/renew-cancel/ls063853872/mediaviewer/rm388447745/?ref_=hm_edcft_ft_ls_rc_6_t
66,,https://www.imdb.com/gallery/rg1859820288/mediaviewer/rm2774085633?ref_=hm_edcft_ft_g_ls_7_i
67,,https://www.imdb.com/gallery/rg1859820288/mediaviewer/rm2774085633?ref_=hm_edcft_ft_g_ls_7_t
68,,https://www.imdb.com/what-to-watch?ref_=hm_watch_btn
69,,https://www.imdb.com/what-to-watch/watch-guides/?ref_=hm_watch_wchgd
70,,https://www.imdb.com/what-to-watch/popular/?ref_=hm_watch_pop
71,,https://www.imdb.com/video/vi3442984217/?listId=ls025720609&ref_=hm_edcio_og_csegsun_ip_1_i
72,,https://www.imdb.com/video/vi3442984217/?listId=ls025720609&ref_=hm_edcio_og_csegsun_ip_1_t
73,,https://www.imdb.com/video/vi2753611033/?listId=ls053181649&ref_=hm_edcio_org_csegsun_harlembq_2_i
74,,https://www.imdb.com/video/vi2753611033/?listId=ls053181649&ref_=hm_edcio_org_csegsun_harlembq_2_t
75,,https://www.imdb.com/video/vi3161900313/?listId=ls025720609&ref_=hm_edcio_og_ots_ypom_3_i
76,,https://www.imdb.com/video/vi3161900313/?listId=ls025720609&ref_=hm_edcio_og_ots_ypom_3_t
77,,https://www.imdb.com/video/vi119653657/?listId=ls025720609&ref_=hm_edcio_csegsun_jam_hp_4_i
78,,https://www.imdb.com/video/vi119653657/?listId=ls025720609&ref_=hm_edcio_csegsun_jam_hp_4_t
79,,https://www.imdb.com/video/vi1204798745/?listId=ls025720609&ref_=hm_edcio_og_csegsun_theaterbq_5_i
80,,https://www.imdb.com/video/vi1204798745/?listId=ls025720609&ref_=hm_edcio_og_csegsun_theaterbq_5_t
81,,https://www.imdb.com/video/vi1395705113/?listId=ls025720609&ref_=hm_edcio_og_csegsun_fairy_6_i
82,,https://www.imdb.com/video/vi1395705113/?listId=ls025720609&ref_=hm_edcio_og_csegsun_fairy_6_t
83,,https://www.imdb.com/video/vi2856174873/?listId=ls025720609&ref_=hm_edcio_og_csegsun_first_7_i
84,,https://www.imdb.com/video/vi2856174873/?listId=ls025720609&ref_=hm_edcio_og_csegsun_first_7_t
85,,https://www.imdb.com/video/vi376620313/?listId=ls562699835&ref_=hm_edcio_org_csegsun_divinity_8_i
86,,https://www.imdb.com/video/vi376620313/?listId=ls562699835&ref_=hm_edcio_org_csegsun_divinity_8_t
87,,https://www.imdb.com/video/vi540460313/?listId=ls025720609&ref_=hm_edcio_org_ots_youpeep_9_i
88,,https://www.imdb.com/video/vi540460313/?listId=ls025720609&ref_=hm_edcio_org_ots_youpeep_9_t
89,,https://www.imdb.com/video/vi1899545881/?listId=ls025720609&ref_=hm_edcio_og_csegsun_derbez_10_i
90,,https://www.imdb.com/video/vi1899545881/?listId=ls025720609&ref_=hm_edcio_og_csegsun_derbez_10_t
91,,https://www.imdb.com/video/vi3443377433/?listId=ls025720609&ref_=hm_edcio_org_nsp_rudd_11_i
92,,https://www.imdb.com/video/vi3443377433/?listId=ls025720609&ref_=hm_edcio_org_nsp_rudd_11_t
93,,https://www.imdb.com/video/vi4129342745/?listId=ls025720609&ref_=hm_edcio_org_ots_freeridge_12_i
94,,https://www.imdb.com/video/vi4129342745/?listId=ls025720609&ref_=hm_edcio_org_ots_freeridge_12_t
95,,https://www.imdb.com/video/vi1047708953/?listId=ls053181649&ref_=hm_edcio_org_ots_knockcab_13_i
96,,https://www.imdb.com/video/vi1047708953/?listId=ls053181649&ref_=hm_edcio_org_ots_knockcab_13_t
97,,https://www.imdb.com/video/vi1188021529/?listId=ls025720609&ref_=hm_edcio_og_csegsun_mag_14_i
98,,https://www.imdb.com/video/vi1188021529/?listId=ls025720609&ref_=hm_edcio_og_csegsun_mag_14_t
99,,https://www.imdb.com/video/vi2669200665/?listId=ls025720609&ref_=hm_edcio_org_csegsun_ywf_15_i
100,,https://www.imdb.com/video/vi2669200665/?listId=ls025720609&ref_=hm_edcio_org_csegsun_ywf_15_t
101,,https://www.imdb.comhttps://slyb.app.link/SKdyQ6A449
102,,https://www.imdb.comhttps://www.tiktok.com/@imdb
103,,https://www.imdb.comhttps://instagram.com/imdb
104,,https://www.imdb.comhttps://twitter.com/imdb
105,,https://www.imdb.comhttps://youtube.com/imdb/
106,,https://www.imdb.comhttps://facebook.com/imdb
107,,https://www.imdb.comhttps://slyb.app.link/SKdyQ6A449
108,,https://www.imdb.comhttps://help.imdb.com/imdb
109,,https://www.imdb.comhttps://help.imdb.com/article/imdb/general-information/imdb-site-index/GNCX7BHNSPBTFALQ#so
110,,https://www.imdb.comhttps://pro.imdb.com?ref_=cons_tf_pro&rf=cons_tf_pro
111,,https://www.imdb.comhttps://www.boxofficemojo.com
112,,https://www.imdb.comhttps://developer.imdb.com/
113,,https://www.imdb.comhttps://www.imdb.com/pressroom/?ref_=ft_pr
114,,https://www.imdb.comhttps://advertising.amazon.com/resources/ad-specs/imdb/
115,,https://www.imdb.comhttps://www.amazon.jobs/en/teams/imdb
116,,https://www.imdb.com/conditions?ref_=ft_cou
117,,https://www.imdb.com/privacy?ref_=ft_pvc
118,,https://www.imdb.com/privacy/adpreferences/
119,,https://www.imdb.com/privacy/adpreferences/
